/*M!999999\- enable the sandbox mode */ 
-- MariaDB dump 10.19  Distrib 10.11.11-MariaDB, for debian-linux-gnu (x86_64)
--
-- Host: localhost    Database: swimDB
-- ------------------------------------------------------
-- Server version	10.11.11-MariaDB-0ubuntu0.24.04.2

/*!40101 SET @OLD_CHARACTER_SET_CLIENT=@@CHARACTER_SET_CLIENT */;
/*!40101 SET @OLD_CHARACTER_SET_RESULTS=@@CHARACTER_SET_RESULTS */;
/*!40101 SET @OLD_COLLATION_CONNECTION=@@COLLATION_CONNECTION */;
/*!40101 SET NAMES utf8mb4 */;
/*!40103 SET @OLD_TIME_ZONE=@@TIME_ZONE */;
/*!40103 SET TIME_ZONE='+00:00' */;
/*!40014 SET @OLD_UNIQUE_CHECKS=@@UNIQUE_CHECKS, UNIQUE_CHECKS=0 */;
/*!40014 SET @OLD_FOREIGN_KEY_CHECKS=@@FOREIGN_KEY_CHECKS, FOREIGN_KEY_CHECKS=0 */;
/*!40101 SET @OLD_SQL_MODE=@@SQL_MODE, SQL_MODE='NO_AUTO_VALUE_ON_ZERO' */;
/*!40111 SET @OLD_SQL_NOTES=@@SQL_NOTES, SQL_NOTES=0 */;

--
-- Table structure for table `events`
--

DROP TABLE IF EXISTS `events`;
/*!40101 SET @saved_cs_client     = @@character_set_client */;
/*!40101 SET character_set_client = utf8mb4 */;
CREATE TABLE `events` (
  `id` int(11) NOT NULL AUTO_INCREMENT,
  `distance` varchar(16) NOT NULL,
  `stroke` varchar(16) NOT NULL,
  PRIMARY KEY (`id`)
) ENGINE=InnoDB AUTO_INCREMENT=14 DEFAULT CHARSET=utf8mb4 COLLATE=utf8mb4_general_ci;
/*!40101 SET character_set_client = @saved_cs_client */;

--
-- Dumping data for table `events`
--

LOCK TABLES `events` WRITE;
/*!40000 ALTER TABLE `events` DISABLE KEYS */;
INSERT INTO `events` VALUES
(1,'100m','Free'),
(2,'100m','Back'),
(3,'100m','Fly'),
(4,'50m','Back'),
(5,'200m','Free'),
(6,'200m','Back'),
(7,'50m','Free'),
(8,'50m','Breast'),
(9,'200m','IM'),
(10,'100m','Breast'),
(11,'400m','Free'),
(12,'50m','Fly'),
(13,'200m','Breast');
/*!40000 ALTER TABLE `events` ENABLE KEYS */;
UNLOCK TABLES;

--
-- Table structure for table `swimmers`
--

DROP TABLE IF EXISTS `swimmers`;
/*!40101 SET @saved_cs_client     = @@character_set_client */;
/*!40101 SET character_set_client = utf8mb4 */;
CREATE TABLE `swimmers` (
  `id` int(11) NOT NULL AUTO_INCREMENT,
  `name` varchar(32) NOT NULL,
  `age` int(11) NOT NULL,
  PRIMARY KEY (`id`)
) ENGINE=InnoDB AUTO_INCREMENT=135 DEFAULT CHARSET=utf8mb4 COLLATE=utf8mb4_general_ci;
/*!40101 SET character_set_client = @saved_cs_client */;

--
-- Dumping data for table `swimmers`
--

LOCK TABLES `swimmers` WRITE;
/*!40000 ALTER TABLE `swimmers` DISABLE KEYS */;
INSERT INTO `swimmers` VALUES
(113,'Hannah',13),
(114,'Darius',13),
(115,'Owen',15),
(116,'Mike',15),
(117,'Abi',10),
(118,'Ruth',13),
(119,'Tasmin',15),
(120,'Erika',15),
(121,'Maria',9),
(122,'Elba',14),
(123,'Ali',12),
(124,'Chris',17),
(125,'Aurora',13),
(126,'Katie',9),
(127,'Alison',14),
(128,'Emma',13),
(129,'Calvin',9),
(130,'Blake',15),
(131,'Bill',18),
(132,'Dave',17),
(133,'Lizzie',14),
(134,'Carl',15);
/*!40000 ALTER TABLE `swimmers` ENABLE KEYS */;
UNLOCK TABLES;

--
-- Table structure for table `times`
--

DROP TABLE IF EXISTS `times`;
/*!40101 SET @saved_cs_client     = @@character_set_client */;
/*!40101 SET character_set_client = utf8mb4 */;
CREATE TABLE `times` (
  `swimmer_id` int(11) NOT NULL,
  `event_id` int(11) NOT NULL,
  `time` varchar(16) NOT NULL,
  `ts` timestamp NULL DEFAULT current_timestamp()
) ENGINE=InnoDB DEFAULT CHARSET=utf8mb4 COLLATE=utf8mb4_general_ci;
/*!40101 SET character_set_client = @saved_cs_client */;

--
-- Dumping data for table `times`
--

LOCK TABLES `times` WRITE;
/*!40000 ALTER TABLE `times` DISABLE KEYS */;
INSERT INTO `times` VALUES
(113,1,'1:21.43','2025-04-15 07:21:24'),
(113,1,'1:21.40','2025-04-15 07:21:24'),
(113,1,'1:21.62','2025-04-15 07:21:24'),
(113,1,'1:25.38','2025-04-15 07:21:24'),
(114,2,'1:22.57','2025-04-15 07:21:24'),
(114,2,'1:29.64','2025-04-15 07:21:24'),
(114,2,'1:20.39','2025-04-15 07:21:24'),
(114,2,'1:23.83','2025-04-15 07:21:24'),
(115,1,'1:15.57','2025-04-15 07:21:24'),
(115,1,'1:14.40','2025-04-15 07:21:24'),
(115,1,'1:19.82','2025-04-15 07:21:24'),
(115,1,'1:12.90','2025-04-15 07:21:24'),
(116,1,'1:02.52','2025-04-15 07:21:24'),
(116,1,'1:02.56','2025-04-15 07:21:24'),
(116,1,'1:06.41','2025-04-15 07:21:24'),
(116,1,'1:07.08','2025-04-15 07:21:24'),
(116,1,'1:02.56','2025-04-15 07:21:24'),
(116,1,'1:03.23','2025-04-15 07:21:24'),
(116,1,'1:04.54','2025-04-15 07:21:24'),
(113,2,'1:35.75','2025-04-15 07:21:24'),
(113,2,'1:32.78','2025-04-15 07:21:24'),
(113,2,'1:34.01','2025-04-15 07:21:24'),
(113,2,'1:32.57','2025-04-15 07:21:24'),
(116,2,'1:19.23','2025-04-15 07:21:24'),
(116,2,'1:13.70','2025-04-15 07:21:24'),
(116,2,'1:13.96','2025-04-15 07:21:24'),
(116,2,'1:15.94','2025-04-15 07:21:24'),
(116,3,'1:14.55','2025-04-15 07:21:24'),
(116,3,'1:14.15','2025-04-15 07:21:24'),
(116,3,'1:08.38','2025-04-15 07:21:24'),
(116,3,'1:08.74','2025-04-15 07:21:24'),
(116,3,'1:10.89','2025-04-15 07:21:24'),
(116,3,'1:09.47','2025-04-15 07:21:24'),
(116,3,'1:09.52','2025-04-15 07:21:24'),
(116,3,'1:09.86','2025-04-15 07:21:24'),
(116,3,'1:09.83','2025-04-15 07:21:24'),
(117,4,'41.50','2025-04-15 07:21:24'),
(117,4,'43.58','2025-04-15 07:21:24'),
(117,4,'42.35','2025-04-15 07:21:24'),
(117,4,'43.35','2025-04-15 07:21:24'),
(117,4,'39.85','2025-04-15 07:21:24'),
(117,4,'40.53','2025-04-15 07:21:24'),
(117,4,'42.14','2025-04-15 07:21:24'),
(117,4,'39.18','2025-04-15 07:21:24'),
(117,4,'40.89','2025-04-15 07:21:24'),
(117,4,'40.89','2025-04-15 07:21:24'),
(118,5,'2:22.64','2025-04-15 07:21:24'),
(118,5,'2:28.16','2025-04-15 07:21:24'),
(118,5,'2:28.38','2025-04-15 07:21:24'),
(118,5,'2:25.08','2025-04-15 07:21:24'),
(118,5,'2:25.64','2025-04-15 07:21:24'),
(118,5,'2:33.58','2025-04-15 07:21:24'),
(119,2,'1:19.63','2025-04-15 07:21:24'),
(119,2,'1:16.69','2025-04-15 07:21:24'),
(119,2,'1:19.68','2025-04-15 07:21:24'),
(119,2,'1:16.56','2025-04-15 07:21:24'),
(120,1,'1:19.04','2025-04-15 07:21:24'),
(120,1,'1:15.88','2025-04-15 07:21:24'),
(120,1,'1:18.62','2025-04-15 07:21:24'),
(120,1,'1:21.74','2025-04-15 07:21:24'),
(118,6,'2:56.68','2025-04-15 07:21:24'),
(118,6,'2:42.63','2025-04-15 07:21:24'),
(118,6,'2:40.90','2025-04-15 07:21:24'),
(118,6,'2:42.88','2025-04-15 07:21:24'),
(118,6,'2:46.09','2025-04-15 07:21:24'),
(117,7,'39.07','2025-04-15 07:21:24'),
(117,7,'37.66','2025-04-15 07:21:24'),
(117,7,'36.13','2025-04-15 07:21:24'),
(117,7,'39.42','2025-04-15 07:21:24'),
(121,7,'45.75','2025-04-15 07:21:24'),
(121,7,'41.62','2025-04-15 07:21:24'),
(121,7,'40.49','2025-04-15 07:21:24'),
(121,7,'41.00','2025-04-15 07:21:24'),
(122,1,'1:06.01','2025-04-15 07:21:24'),
(122,1,'1:06.93','2025-04-15 07:21:24'),
(122,1,'1:05.34','2025-04-15 07:21:24'),
(122,1,'1:06.10','2025-04-15 07:21:24'),
(119,1,'1:08.87','2025-04-15 07:21:24'),
(119,1,'1:07.34','2025-04-15 07:21:24'),
(119,1,'1:11.00','2025-04-15 07:21:24'),
(119,1,'1:08.62','2025-04-15 07:21:24'),
(119,1,'1:10.94','2025-04-15 07:21:24'),
(119,1,'1:09.52','2025-04-15 07:21:24'),
(119,1,'1:12.04','2025-04-15 07:21:24'),
(119,1,'1:10.91','2025-04-15 07:21:24'),
(117,2,'1:31.59','2025-04-15 07:21:24'),
(117,2,'1:26.55','2025-04-15 07:21:24'),
(117,2,'1:28.75','2025-04-15 07:21:24'),
(117,2,'1:39.79','2025-04-15 07:21:24'),
(117,2,'1:32.37','2025-04-15 07:21:24'),
(117,8,'48.08','2025-04-15 07:21:24'),
(117,8,'53.17','2025-04-15 07:21:24'),
(117,8,'45.76','2025-04-15 07:21:24'),
(117,8,'49.28','2025-04-15 07:21:24'),
(117,8,'52.85','2025-04-15 07:21:24'),
(117,8,'46.19','2025-04-15 07:21:24'),
(117,8,'47.76','2025-04-15 07:21:24'),
(117,8,'48.83','2025-04-15 07:21:24'),
(117,8,'45.71','2025-04-15 07:21:24'),
(117,8,'47.76','2025-04-15 07:21:24'),
(116,9,'2:48.05','2025-04-15 07:21:24'),
(116,9,'2:44.03','2025-04-15 07:21:24'),
(116,9,'2:38.93','2025-04-15 07:21:24'),
(116,9,'2:54.86','2025-04-15 07:21:24'),
(123,2,'1:36.54','2025-04-15 07:21:24'),
(123,2,'1:39.10','2025-04-15 07:21:24'),
(123,2,'1:39.45','2025-04-15 07:21:24'),
(123,2,'1:42.87','2025-04-15 07:21:24'),
(118,2,'1:17.16','2025-04-15 07:21:24'),
(118,2,'1:16.65','2025-04-15 07:21:24'),
(118,2,'1:23.11','2025-04-15 07:21:24'),
(118,2,'1:14.37','2025-04-15 07:21:24'),
(118,2,'1:18.16','2025-04-15 07:21:24'),
(118,2,'1:18.28','2025-04-15 07:21:24'),
(118,2,'1:16.87','2025-04-15 07:21:24'),
(118,2,'1:17.37','2025-04-15 07:21:24'),
(118,2,'1:20.46','2025-04-15 07:21:24'),
(124,2,'1:21.76','2025-04-15 07:21:24'),
(124,2,'1:23.32','2025-04-15 07:21:24'),
(124,2,'1:24.09','2025-04-15 07:21:24'),
(124,2,'1:21.51','2025-04-15 07:21:24'),
(123,1,'1:27.31','2025-04-15 07:21:24'),
(123,1,'1:27.00','2025-04-15 07:21:24'),
(123,1,'1:27.46','2025-04-15 07:21:24'),
(123,1,'1:22.50','2025-04-15 07:21:24'),
(123,1,'1:20.39','2025-04-15 07:21:24'),
(123,1,'1:26.04','2025-04-15 07:21:24'),
(123,1,'1:20.22','2025-04-15 07:21:24'),
(114,10,'1:30.24','2025-04-15 07:21:24'),
(114,10,'1:33.18','2025-04-15 07:21:24'),
(114,10,'1:32.73','2025-04-15 07:21:24'),
(114,10,'1:33.05','2025-04-15 07:21:24'),
(114,10,'1:30.81','2025-04-15 07:21:24'),
(114,10,'1:31.74','2025-04-15 07:21:24'),
(114,10,'1:31.53','2025-04-15 07:21:24'),
(114,10,'1:33.05','2025-04-15 07:21:24'),
(118,1,'1:07.99','2025-04-15 07:21:24'),
(118,1,'1:11.87','2025-04-15 07:21:24'),
(118,1,'1:11.08','2025-04-15 07:21:24'),
(118,1,'1:09.75','2025-04-15 07:21:24'),
(125,7,'30.05','2025-04-15 07:21:24'),
(125,7,'30.21','2025-04-15 07:21:24'),
(125,7,'28.86','2025-04-15 07:21:24'),
(125,7,'30.65','2025-04-15 07:21:24'),
(125,7,'30.03','2025-04-15 07:21:24'),
(125,7,'29.64','2025-04-15 07:21:24'),
(125,7,'29.82','2025-04-15 07:21:24'),
(126,10,'1:50.10','2025-04-15 07:21:24'),
(126,10,'1:47.12','2025-04-15 07:21:24'),
(126,10,'1:54.65','2025-04-15 07:21:24'),
(126,10,'1:51.03','2025-04-15 07:21:24'),
(127,10,'1:34.71','2025-04-15 07:21:24'),
(127,10,'1:37.87','2025-04-15 07:21:24'),
(127,10,'1:35.15','2025-04-15 07:21:24'),
(127,10,'1:37.20','2025-04-15 07:21:24'),
(127,10,'1:36.29','2025-04-15 07:21:24'),
(127,10,'1:36.00','2025-04-15 07:21:24'),
(127,10,'1:35.63','2025-04-15 07:21:24'),
(127,10,'1:35.42','2025-04-15 07:21:24'),
(127,10,'1:42.01','2025-04-15 07:21:24'),
(118,11,'5:11.32','2025-04-15 07:21:24'),
(118,11,'5:04.12','2025-04-15 07:21:24'),
(118,11,'5:20.67','2025-04-15 07:21:24'),
(118,11,'5:08.31','2025-04-15 07:21:24'),
(118,11,'5:04.32','2025-04-15 07:21:24'),
(118,11,'5:06.77','2025-04-15 07:21:24'),
(118,11,'5:13.01','2025-04-15 07:21:24'),
(128,1,'1:32.21','2025-04-15 07:21:24'),
(128,1,'1:33.68','2025-04-15 07:21:24'),
(128,1,'1:34.10','2025-04-15 07:21:24'),
(128,1,'1:28.57','2025-04-15 07:21:24'),
(129,12,'39.47','2025-04-15 07:21:24'),
(129,12,'37.30','2025-04-15 07:21:24'),
(129,12,'41.90','2025-04-15 07:21:24'),
(129,12,'42.85','2025-04-15 07:21:24'),
(129,12,'39.90','2025-04-15 07:21:24'),
(129,12,'38.66','2025-04-15 07:21:24'),
(129,12,'38.84','2025-04-15 07:21:24'),
(129,12,'37.65','2025-04-15 07:21:24'),
(129,12,'39.68','2025-04-15 07:21:24'),
(129,12,'37.18','2025-04-15 07:21:24'),
(129,12,'43.61','2025-04-15 07:21:24'),
(114,3,'1:27.95','2025-04-15 07:21:24'),
(114,3,'1:21.07','2025-04-15 07:21:24'),
(114,3,'1:30.96','2025-04-15 07:21:24'),
(114,3,'1:23.22','2025-04-15 07:21:24'),
(114,3,'1:27.95','2025-04-15 07:21:24'),
(114,3,'1:28.30','2025-04-15 07:21:24'),
(116,5,'2:19.77','2025-04-15 07:21:24'),
(116,5,'2:41.57','2025-04-15 07:21:24'),
(116,5,'2:27.88','2025-04-15 07:21:24'),
(116,5,'2:37.28','2025-04-15 07:21:24'),
(128,10,'2:01.15','2025-04-15 07:21:24'),
(128,10,'1:57.86','2025-04-15 07:21:24'),
(128,10,'1:59.38','2025-04-15 07:21:24'),
(128,10,'1:57.94','2025-04-15 07:21:24'),
(128,10,'1:56.97','2025-04-15 07:21:24'),
(119,10,'1:20.59','2025-04-15 07:21:24'),
(119,10,'1:26.48','2025-04-15 07:21:24'),
(119,10,'1:24.15','2025-04-15 07:21:24'),
(119,10,'1:21.96','2025-04-15 07:21:24'),
(130,1,'1:02.13','2025-04-15 07:21:24'),
(130,1,'1:03.25','2025-04-15 07:21:24'),
(130,1,'1:04.16','2025-04-15 07:21:24'),
(130,1,'1:03.17','2025-04-15 07:21:24'),
(130,1,'1:04.84','2025-04-15 07:21:24'),
(130,1,'1:03.88','2025-04-15 07:21:24'),
(130,1,'1:04.87','2025-04-15 07:21:24'),
(117,10,'1:42.97','2025-04-15 07:21:24'),
(117,10,'1:43.31','2025-04-15 07:21:24'),
(117,10,'1:43.50','2025-04-15 07:21:24'),
(117,10,'1:40.34','2025-04-15 07:21:24'),
(124,10,'1:28.86','2025-04-15 07:21:24'),
(124,10,'1:29.90','2025-04-15 07:21:24'),
(124,10,'1:28.12','2025-04-15 07:21:24'),
(124,10,'1:28.67','2025-04-15 07:21:24'),
(130,2,'1:12.71','2025-04-15 07:21:24'),
(130,2,'1:19.87','2025-04-15 07:21:24'),
(130,2,'1:14.94','2025-04-15 07:21:24'),
(130,2,'1:11.53','2025-04-15 07:21:24'),
(130,2,'1:14.94','2025-04-15 07:21:24'),
(131,6,'2:29.06','2025-04-15 07:21:24'),
(131,6,'2:21.49','2025-04-15 07:21:24'),
(131,6,'2:24.13','2025-04-15 07:21:24'),
(131,6,'2:29.40','2025-04-15 07:21:24'),
(114,9,'3:03.84','2025-04-15 07:21:24'),
(114,9,'3:04.27','2025-04-15 07:21:24'),
(114,9,'3:01.49','2025-04-15 07:21:24'),
(114,9,'3:04.27','2025-04-15 07:21:24'),
(114,9,'2:52.44','2025-04-15 07:21:24'),
(132,1,'59.21','2025-04-15 07:21:24'),
(132,1,'59.27','2025-04-15 07:21:24'),
(132,1,'58.67','2025-04-15 07:21:24'),
(132,1,'59.72','2025-04-15 07:21:24'),
(132,1,'59.17','2025-04-15 07:21:24'),
(127,1,'1:13.86','2025-04-15 07:21:24'),
(127,1,'1:12.00','2025-04-15 07:21:24'),
(127,1,'1:14.69','2025-04-15 07:21:24'),
(127,1,'1:10.01','2025-04-15 07:21:24'),
(127,1,'1:12.24','2025-04-15 07:21:24'),
(127,1,'1:11.00','2025-04-15 07:21:24'),
(127,1,'1:11.20','2025-04-15 07:21:24'),
(127,1,'1:12.28','2025-04-15 07:21:24'),
(127,1,'1:15.46','2025-04-15 07:21:24'),
(127,1,'1:16.03','2025-04-15 07:21:24'),
(133,1,'1:21.08','2025-04-15 07:21:24'),
(133,1,'1:11.23','2025-04-15 07:21:24'),
(133,1,'1:12.46','2025-04-15 07:21:24'),
(133,1,'1:16.73','2025-04-15 07:21:24'),
(126,12,'40.11','2025-04-15 07:21:24'),
(126,12,'45.43','2025-04-15 07:21:24'),
(126,12,'50.17','2025-04-15 07:21:24'),
(126,12,'43.58','2025-04-15 07:21:24'),
(126,12,'52.61','2025-04-15 07:21:24'),
(126,8,'47.44','2025-04-15 07:21:24'),
(126,8,'52.32','2025-04-15 07:21:24'),
(126,8,'57.16','2025-04-15 07:21:24'),
(126,8,'56.77','2025-04-15 07:21:24'),
(126,4,'43.25','2025-04-15 07:21:24'),
(126,4,'47.35','2025-04-15 07:21:24'),
(126,4,'46.12','2025-04-15 07:21:24'),
(126,4,'45.69','2025-04-15 07:21:24'),
(133,2,'1:27.10','2025-04-15 07:21:24'),
(133,2,'1:26.21','2025-04-15 07:21:24'),
(133,2,'1:26.42','2025-04-15 07:21:24'),
(133,2,'1:35.79','2025-04-15 07:21:24'),
(133,2,'1:30.47','2025-04-15 07:21:24'),
(119,13,'2:54.14','2025-04-15 07:21:24'),
(119,13,'3:03.58','2025-04-15 07:21:24'),
(119,13,'3:02.43','2025-04-15 07:21:24'),
(119,13,'2:57.99','2025-04-15 07:21:24'),
(126,7,'38.94','2025-04-15 07:21:24'),
(126,7,'37.76','2025-04-15 07:21:24'),
(126,7,'41.83','2025-04-15 07:21:24'),
(126,7,'42.81','2025-04-15 07:21:24'),
(132,6,'2:35.46','2025-04-15 07:21:24'),
(132,6,'2:28.30','2025-04-15 07:21:24'),
(132,6,'2:35.35','2025-04-15 07:21:24'),
(132,6,'2:28.84','2025-04-15 07:21:24'),
(120,13,'3:27.51','2025-04-15 07:21:24'),
(120,13,'3:34.70','2025-04-15 07:21:24'),
(120,13,'3:27.15','2025-04-15 07:21:24'),
(120,13,'3:28.45','2025-04-15 07:21:24'),
(120,13,'3:34.79','2025-04-15 07:21:24'),
(120,13,'3:30.21','2025-04-15 07:21:24'),
(120,13,'3:33.74','2025-04-15 07:21:24'),
(129,4,'38.79','2025-04-15 07:21:24'),
(129,4,'39.03','2025-04-15 07:21:24'),
(129,4,'41.29','2025-04-15 07:21:24'),
(129,4,'39.66','2025-04-15 07:21:24'),
(129,4,'41.13','2025-04-15 07:21:24'),
(129,4,'38.57','2025-04-15 07:21:24'),
(129,4,'39.40','2025-04-15 07:21:24'),
(129,4,'41.06','2025-04-15 07:21:24'),
(129,4,'40.37','2025-04-15 07:21:24'),
(129,4,'43.05','2025-04-15 07:21:24'),
(129,4,'37.85','2025-04-15 07:21:24'),
(129,7,'35.78','2025-04-15 07:21:24'),
(129,7,'36.19','2025-04-15 07:21:24'),
(129,7,'36.89','2025-04-15 07:21:24'),
(129,7,'34.29','2025-04-15 07:21:24'),
(129,7,'34.18','2025-04-15 07:21:24'),
(129,7,'35.94','2025-04-15 07:21:24'),
(134,2,'1:29.78','2025-04-15 07:21:24'),
(134,2,'1:28.38','2025-04-15 07:21:24'),
(134,2,'1:25.03','2025-04-15 07:21:24'),
(134,2,'1:25.66','2025-04-15 07:21:24'),
(131,2,'1:11.34','2025-04-15 07:21:24'),
(131,2,'1:05.81','2025-04-15 07:21:24'),
(131,2,'1:05.75','2025-04-15 07:21:24'),
(131,2,'1:05.82','2025-04-15 07:21:24'),
(126,1,'1:20.81','2025-04-15 07:21:24'),
(126,1,'1:23.61','2025-04-15 07:21:24'),
(126,1,'1:24.80','2025-04-15 07:21:24'),
(126,1,'1:22.05','2025-04-15 07:21:24'),
(126,1,'1:22.58','2025-04-15 07:21:24'),
(126,1,'1:23.94','2025-04-15 07:21:24'),
(130,3,'1:11.49','2025-04-15 07:21:24'),
(130,3,'1:10.16','2025-04-15 07:21:24'),
(130,3,'1:12.59','2025-04-15 07:21:24'),
(130,3,'1:11.63','2025-04-15 07:21:24'),
(130,3,'1:09.43','2025-04-15 07:21:24'),
(120,10,'1:36.72','2025-04-15 07:21:24'),
(120,10,'1:34.78','2025-04-15 07:21:24'),
(120,10,'1:34.05','2025-04-15 07:21:24'),
(120,10,'1:32.78','2025-04-15 07:21:24'),
(120,10,'1:33.51','2025-04-15 07:21:24'),
(120,10,'1:33.29','2025-04-15 07:21:24'),
(120,10,'1:36.47','2025-04-15 07:21:24'),
(120,10,'1:31.82','2025-04-15 07:21:24'),
(126,2,'1:33.36','2025-04-15 07:21:24'),
(126,2,'1:31.52','2025-04-15 07:21:24'),
(126,2,'1:28.10','2025-04-15 07:21:24'),
(126,2,'1:33.37','2025-04-15 07:21:24'),
(126,2,'1:32.89','2025-04-15 07:21:24'),
(126,2,'1:33.38','2025-04-15 07:21:24'),
(126,2,'1:32.03','2025-04-15 07:21:24'),
(126,2,'1:32.71','2025-04-15 07:21:24'),
(113,1,'1:21.43','2025-04-16 05:45:50'),
(113,1,'1:21.40','2025-04-16 05:45:50'),
(113,1,'1:21.62','2025-04-16 05:45:50'),
(113,1,'1:25.38','2025-04-16 05:45:50'),
(114,2,'1:22.57','2025-04-16 05:45:50'),
(114,2,'1:29.64','2025-04-16 05:45:50'),
(114,2,'1:20.39','2025-04-16 05:45:50'),
(114,2,'1:23.83','2025-04-16 05:45:50'),
(115,1,'1:15.57','2025-04-16 05:45:50'),
(115,1,'1:14.40','2025-04-16 05:45:50'),
(115,1,'1:19.82','2025-04-16 05:45:50'),
(115,1,'1:12.90','2025-04-16 05:45:50'),
(116,1,'1:02.52','2025-04-16 05:45:50'),
(116,1,'1:02.56','2025-04-16 05:45:50'),
(116,1,'1:06.41','2025-04-16 05:45:50'),
(116,1,'1:07.08','2025-04-16 05:45:50'),
(116,1,'1:02.56','2025-04-16 05:45:50'),
(116,1,'1:03.23','2025-04-16 05:45:50'),
(116,1,'1:04.54','2025-04-16 05:45:50'),
(113,2,'1:35.75','2025-04-16 05:45:50'),
(113,2,'1:32.78','2025-04-16 05:45:50'),
(113,2,'1:34.01','2025-04-16 05:45:50'),
(113,2,'1:32.57','2025-04-16 05:45:50'),
(116,2,'1:19.23','2025-04-16 05:45:50'),
(116,2,'1:13.70','2025-04-16 05:45:50'),
(116,2,'1:13.96','2025-04-16 05:45:50'),
(116,2,'1:15.94','2025-04-16 05:45:50'),
(116,3,'1:14.55','2025-04-16 05:45:50'),
(116,3,'1:14.15','2025-04-16 05:45:50'),
(116,3,'1:08.38','2025-04-16 05:45:50'),
(116,3,'1:08.74','2025-04-16 05:45:50'),
(116,3,'1:10.89','2025-04-16 05:45:50'),
(116,3,'1:09.47','2025-04-16 05:45:50'),
(116,3,'1:09.52','2025-04-16 05:45:50'),
(116,3,'1:09.86','2025-04-16 05:45:50'),
(116,3,'1:09.83','2025-04-16 05:45:50'),
(117,4,'41.50','2025-04-16 05:45:50'),
(117,4,'43.58','2025-04-16 05:45:50'),
(117,4,'42.35','2025-04-16 05:45:50'),
(117,4,'43.35','2025-04-16 05:45:50'),
(117,4,'39.85','2025-04-16 05:45:50'),
(117,4,'40.53','2025-04-16 05:45:50'),
(117,4,'42.14','2025-04-16 05:45:50'),
(117,4,'39.18','2025-04-16 05:45:50'),
(117,4,'40.89','2025-04-16 05:45:50'),
(117,4,'40.89','2025-04-16 05:45:50'),
(118,5,'2:22.64','2025-04-16 05:45:50'),
(118,5,'2:28.16','2025-04-16 05:45:50'),
(118,5,'2:28.38','2025-04-16 05:45:50'),
(118,5,'2:25.08','2025-04-16 05:45:50'),
(118,5,'2:25.64','2025-04-16 05:45:50'),
(118,5,'2:33.58','2025-04-16 05:45:50'),
(119,2,'1:19.63','2025-04-16 05:45:50'),
(119,2,'1:16.69','2025-04-16 05:45:50'),
(119,2,'1:19.68','2025-04-16 05:45:50'),
(119,2,'1:16.56','2025-04-16 05:45:50'),
(120,1,'1:19.04','2025-04-16 05:45:50'),
(120,1,'1:15.88','2025-04-16 05:45:50'),
(120,1,'1:18.62','2025-04-16 05:45:50'),
(120,1,'1:21.74','2025-04-16 05:45:50'),
(118,6,'2:56.68','2025-04-16 05:45:50'),
(118,6,'2:42.63','2025-04-16 05:45:50'),
(118,6,'2:40.90','2025-04-16 05:45:50'),
(118,6,'2:42.88','2025-04-16 05:45:50'),
(118,6,'2:46.09','2025-04-16 05:45:50'),
(117,7,'39.07','2025-04-16 05:45:50'),
(117,7,'37.66','2025-04-16 05:45:50'),
(117,7,'36.13','2025-04-16 05:45:50'),
(117,7,'39.42','2025-04-16 05:45:50'),
(121,7,'45.75','2025-04-16 05:45:50'),
(121,7,'41.62','2025-04-16 05:45:50'),
(121,7,'40.49','2025-04-16 05:45:50'),
(121,7,'41.00','2025-04-16 05:45:50'),
(122,1,'1:06.01','2025-04-16 05:45:50'),
(122,1,'1:06.93','2025-04-16 05:45:50'),
(122,1,'1:05.34','2025-04-16 05:45:50'),
(122,1,'1:06.10','2025-04-16 05:45:50'),
(119,1,'1:08.87','2025-04-16 05:45:50'),
(119,1,'1:07.34','2025-04-16 05:45:50'),
(119,1,'1:11.00','2025-04-16 05:45:50'),
(119,1,'1:08.62','2025-04-16 05:45:50'),
(119,1,'1:10.94','2025-04-16 05:45:50'),
(119,1,'1:09.52','2025-04-16 05:45:50'),
(119,1,'1:12.04','2025-04-16 05:45:50'),
(119,1,'1:10.91','2025-04-16 05:45:50'),
(117,2,'1:31.59','2025-04-16 05:45:50'),
(117,2,'1:26.55','2025-04-16 05:45:50'),
(117,2,'1:28.75','2025-04-16 05:45:50'),
(117,2,'1:39.79','2025-04-16 05:45:50'),
(117,2,'1:32.37','2025-04-16 05:45:50'),
(117,8,'48.08','2025-04-16 05:45:50'),
(117,8,'53.17','2025-04-16 05:45:50'),
(117,8,'45.76','2025-04-16 05:45:50'),
(117,8,'49.28','2025-04-16 05:45:50'),
(117,8,'52.85','2025-04-16 05:45:50'),
(117,8,'46.19','2025-04-16 05:45:50'),
(117,8,'47.76','2025-04-16 05:45:50'),
(117,8,'48.83','2025-04-16 05:45:50'),
(117,8,'45.71','2025-04-16 05:45:50'),
(117,8,'47.76','2025-04-16 05:45:50'),
(116,9,'2:48.05','2025-04-16 05:45:50'),
(116,9,'2:44.03','2025-04-16 05:45:50'),
(116,9,'2:38.93','2025-04-16 05:45:50'),
(116,9,'2:54.86','2025-04-16 05:45:50'),
(123,2,'1:36.54','2025-04-16 05:45:50'),
(123,2,'1:39.10','2025-04-16 05:45:50'),
(123,2,'1:39.45','2025-04-16 05:45:50'),
(123,2,'1:42.87','2025-04-16 05:45:50'),
(118,2,'1:17.16','2025-04-16 05:45:50'),
(118,2,'1:16.65','2025-04-16 05:45:50'),
(118,2,'1:23.11','2025-04-16 05:45:50'),
(118,2,'1:14.37','2025-04-16 05:45:50'),
(118,2,'1:18.16','2025-04-16 05:45:50'),
(118,2,'1:18.28','2025-04-16 05:45:50'),
(118,2,'1:16.87','2025-04-16 05:45:50'),
(118,2,'1:17.37','2025-04-16 05:45:50'),
(118,2,'1:20.46','2025-04-16 05:45:50'),
(124,2,'1:21.76','2025-04-16 05:45:50'),
(124,2,'1:23.32','2025-04-16 05:45:50'),
(124,2,'1:24.09','2025-04-16 05:45:50'),
(124,2,'1:21.51','2025-04-16 05:45:50'),
(123,1,'1:27.31','2025-04-16 05:45:50'),
(123,1,'1:27.00','2025-04-16 05:45:50'),
(123,1,'1:27.46','2025-04-16 05:45:50'),
(123,1,'1:22.50','2025-04-16 05:45:50'),
(123,1,'1:20.39','2025-04-16 05:45:50'),
(123,1,'1:26.04','2025-04-16 05:45:50'),
(123,1,'1:20.22','2025-04-16 05:45:50'),
(114,10,'1:30.24','2025-04-16 05:45:50'),
(114,10,'1:33.18','2025-04-16 05:45:50'),
(114,10,'1:32.73','2025-04-16 05:45:50'),
(114,10,'1:33.05','2025-04-16 05:45:50'),
(114,10,'1:30.81','2025-04-16 05:45:50'),
(114,10,'1:31.74','2025-04-16 05:45:50'),
(114,10,'1:31.53','2025-04-16 05:45:50'),
(114,10,'1:33.05','2025-04-16 05:45:50'),
(118,1,'1:07.99','2025-04-16 05:45:50'),
(118,1,'1:11.87','2025-04-16 05:45:50'),
(118,1,'1:11.08','2025-04-16 05:45:50'),
(118,1,'1:09.75','2025-04-16 05:45:50'),
(125,7,'30.05','2025-04-16 05:45:50'),
(125,7,'30.21','2025-04-16 05:45:50'),
(125,7,'28.86','2025-04-16 05:45:50'),
(125,7,'30.65','2025-04-16 05:45:50'),
(125,7,'30.03','2025-04-16 05:45:50'),
(125,7,'29.64','2025-04-16 05:45:50'),
(125,7,'29.82','2025-04-16 05:45:50'),
(126,10,'1:50.10','2025-04-16 05:45:50'),
(126,10,'1:47.12','2025-04-16 05:45:50'),
(126,10,'1:54.65','2025-04-16 05:45:50'),
(126,10,'1:51.03','2025-04-16 05:45:50'),
(127,10,'1:34.71','2025-04-16 05:45:50'),
(127,10,'1:37.87','2025-04-16 05:45:50'),
(127,10,'1:35.15','2025-04-16 05:45:50'),
(127,10,'1:37.20','2025-04-16 05:45:50'),
(127,10,'1:36.29','2025-04-16 05:45:50'),
(127,10,'1:36.00','2025-04-16 05:45:50'),
(127,10,'1:35.63','2025-04-16 05:45:50'),
(127,10,'1:35.42','2025-04-16 05:45:50'),
(127,10,'1:42.01','2025-04-16 05:45:50'),
(118,11,'5:11.32','2025-04-16 05:45:50'),
(118,11,'5:04.12','2025-04-16 05:45:50'),
(118,11,'5:20.67','2025-04-16 05:45:50'),
(118,11,'5:08.31','2025-04-16 05:45:50'),
(118,11,'5:04.32','2025-04-16 05:45:50'),
(118,11,'5:06.77','2025-04-16 05:45:50'),
(118,11,'5:13.01','2025-04-16 05:45:50'),
(128,1,'1:32.21','2025-04-16 05:45:50'),
(128,1,'1:33.68','2025-04-16 05:45:50'),
(128,1,'1:34.10','2025-04-16 05:45:50'),
(128,1,'1:28.57','2025-04-16 05:45:50'),
(129,12,'39.47','2025-04-16 05:45:50'),
(129,12,'37.30','2025-04-16 05:45:50'),
(129,12,'41.90','2025-04-16 05:45:50'),
(129,12,'42.85','2025-04-16 05:45:50'),
(129,12,'39.90','2025-04-16 05:45:50'),
(129,12,'38.66','2025-04-16 05:45:50'),
(129,12,'38.84','2025-04-16 05:45:50'),
(129,12,'37.65','2025-04-16 05:45:50'),
(129,12,'39.68','2025-04-16 05:45:50'),
(129,12,'37.18','2025-04-16 05:45:50'),
(129,12,'43.61','2025-04-16 05:45:50'),
(114,3,'1:27.95','2025-04-16 05:45:50'),
(114,3,'1:21.07','2025-04-16 05:45:50'),
(114,3,'1:30.96','2025-04-16 05:45:50'),
(114,3,'1:23.22','2025-04-16 05:45:50'),
(114,3,'1:27.95','2025-04-16 05:45:50'),
(114,3,'1:28.30','2025-04-16 05:45:50'),
(116,5,'2:19.77','2025-04-16 05:45:50'),
(116,5,'2:41.57','2025-04-16 05:45:50'),
(116,5,'2:27.88','2025-04-16 05:45:50'),
(116,5,'2:37.28','2025-04-16 05:45:50'),
(128,10,'2:01.15','2025-04-16 05:45:50'),
(128,10,'1:57.86','2025-04-16 05:45:50'),
(128,10,'1:59.38','2025-04-16 05:45:50'),
(128,10,'1:57.94','2025-04-16 05:45:50'),
(128,10,'1:56.97','2025-04-16 05:45:50'),
(119,10,'1:20.59','2025-04-16 05:45:50'),
(119,10,'1:26.48','2025-04-16 05:45:50'),
(119,10,'1:24.15','2025-04-16 05:45:50'),
(119,10,'1:21.96','2025-04-16 05:45:50'),
(130,1,'1:02.13','2025-04-16 05:45:50'),
(130,1,'1:03.25','2025-04-16 05:45:50'),
(130,1,'1:04.16','2025-04-16 05:45:50'),
(130,1,'1:03.17','2025-04-16 05:45:50'),
(130,1,'1:04.84','2025-04-16 05:45:50'),
(130,1,'1:03.88','2025-04-16 05:45:50'),
(130,1,'1:04.87','2025-04-16 05:45:50'),
(117,10,'1:42.97','2025-04-16 05:45:50'),
(117,10,'1:43.31','2025-04-16 05:45:50'),
(117,10,'1:43.50','2025-04-16 05:45:50'),
(117,10,'1:40.34','2025-04-16 05:45:50'),
(124,10,'1:28.86','2025-04-16 05:45:50'),
(124,10,'1:29.90','2025-04-16 05:45:50'),
(124,10,'1:28.12','2025-04-16 05:45:50'),
(124,10,'1:28.67','2025-04-16 05:45:50'),
(130,2,'1:12.71','2025-04-16 05:45:50'),
(130,2,'1:19.87','2025-04-16 05:45:50'),
(130,2,'1:14.94','2025-04-16 05:45:50'),
(130,2,'1:11.53','2025-04-16 05:45:50'),
(130,2,'1:14.94','2025-04-16 05:45:50'),
(131,6,'2:29.06','2025-04-16 05:45:50'),
(131,6,'2:21.49','2025-04-16 05:45:50'),
(131,6,'2:24.13','2025-04-16 05:45:50'),
(131,6,'2:29.40','2025-04-16 05:45:50'),
(114,9,'3:03.84','2025-04-16 05:45:50'),
(114,9,'3:04.27','2025-04-16 05:45:50'),
(114,9,'3:01.49','2025-04-16 05:45:50'),
(114,9,'3:04.27','2025-04-16 05:45:50'),
(114,9,'2:52.44','2025-04-16 05:45:50'),
(132,1,'59.21','2025-04-16 05:45:50'),
(132,1,'59.27','2025-04-16 05:45:50'),
(132,1,'58.67','2025-04-16 05:45:50'),
(132,1,'59.72','2025-04-16 05:45:50'),
(132,1,'59.17','2025-04-16 05:45:50'),
(127,1,'1:13.86','2025-04-16 05:45:50'),
(127,1,'1:12.00','2025-04-16 05:45:50'),
(127,1,'1:14.69','2025-04-16 05:45:50'),
(127,1,'1:10.01','2025-04-16 05:45:50'),
(127,1,'1:12.24','2025-04-16 05:45:50'),
(127,1,'1:11.00','2025-04-16 05:45:50'),
(127,1,'1:11.20','2025-04-16 05:45:50'),
(127,1,'1:12.28','2025-04-16 05:45:50'),
(127,1,'1:15.46','2025-04-16 05:45:50'),
(127,1,'1:16.03','2025-04-16 05:45:50'),
(133,1,'1:21.08','2025-04-16 05:45:50'),
(133,1,'1:11.23','2025-04-16 05:45:50'),
(133,1,'1:12.46','2025-04-16 05:45:50'),
(133,1,'1:16.73','2025-04-16 05:45:50'),
(126,12,'40.11','2025-04-16 05:45:50'),
(126,12,'45.43','2025-04-16 05:45:50'),
(126,12,'50.17','2025-04-16 05:45:50'),
(126,12,'43.58','2025-04-16 05:45:50'),
(126,12,'52.61','2025-04-16 05:45:50'),
(126,8,'47.44','2025-04-16 05:45:50'),
(126,8,'52.32','2025-04-16 05:45:50'),
(126,8,'57.16','2025-04-16 05:45:50'),
(126,8,'56.77','2025-04-16 05:45:50'),
(126,4,'43.25','2025-04-16 05:45:50'),
(126,4,'47.35','2025-04-16 05:45:50'),
(126,4,'46.12','2025-04-16 05:45:50'),
(126,4,'45.69','2025-04-16 05:45:50'),
(133,2,'1:27.10','2025-04-16 05:45:50'),
(133,2,'1:26.21','2025-04-16 05:45:50'),
(133,2,'1:26.42','2025-04-16 05:45:50'),
(133,2,'1:35.79','2025-04-16 05:45:50'),
(133,2,'1:30.47','2025-04-16 05:45:50'),
(119,13,'2:54.14','2025-04-16 05:45:50'),
(119,13,'3:03.58','2025-04-16 05:45:50'),
(119,13,'3:02.43','2025-04-16 05:45:50'),
(119,13,'2:57.99','2025-04-16 05:45:50'),
(126,7,'38.94','2025-04-16 05:45:50'),
(126,7,'37.76','2025-04-16 05:45:50'),
(126,7,'41.83','2025-04-16 05:45:50'),
(126,7,'42.81','2025-04-16 05:45:50'),
(132,6,'2:35.46','2025-04-16 05:45:50'),
(132,6,'2:28.30','2025-04-16 05:45:50'),
(132,6,'2:35.35','2025-04-16 05:45:50'),
(132,6,'2:28.84','2025-04-16 05:45:50'),
(120,13,'3:27.51','2025-04-16 05:45:50'),
(120,13,'3:34.70','2025-04-16 05:45:50'),
(120,13,'3:27.15','2025-04-16 05:45:50'),
(120,13,'3:28.45','2025-04-16 05:45:50'),
(120,13,'3:34.79','2025-04-16 05:45:50'),
(120,13,'3:30.21','2025-04-16 05:45:50'),
(120,13,'3:33.74','2025-04-16 05:45:50'),
(129,4,'38.79','2025-04-16 05:45:50'),
(129,4,'39.03','2025-04-16 05:45:50'),
(129,4,'41.29','2025-04-16 05:45:50'),
(129,4,'39.66','2025-04-16 05:45:50'),
(129,4,'41.13','2025-04-16 05:45:50'),
(129,4,'38.57','2025-04-16 05:45:50'),
(129,4,'39.40','2025-04-16 05:45:50'),
(129,4,'41.06','2025-04-16 05:45:50'),
(129,4,'40.37','2025-04-16 05:45:50'),
(129,4,'43.05','2025-04-16 05:45:50'),
(129,4,'37.85','2025-04-16 05:45:50'),
(129,7,'35.78','2025-04-16 05:45:50'),
(129,7,'36.19','2025-04-16 05:45:50'),
(129,7,'36.89','2025-04-16 05:45:50'),
(129,7,'34.29','2025-04-16 05:45:50'),
(129,7,'34.18','2025-04-16 05:45:50'),
(129,7,'35.94','2025-04-16 05:45:50'),
(134,2,'1:29.78','2025-04-16 05:45:50'),
(134,2,'1:28.38','2025-04-16 05:45:50'),
(134,2,'1:25.03','2025-04-16 05:45:50'),
(134,2,'1:25.66','2025-04-16 05:45:50'),
(131,2,'1:11.34','2025-04-16 05:45:50'),
(131,2,'1:05.81','2025-04-16 05:45:50'),
(131,2,'1:05.75','2025-04-16 05:45:50'),
(131,2,'1:05.82','2025-04-16 05:45:50'),
(126,1,'1:20.81','2025-04-16 05:45:50'),
(126,1,'1:23.61','2025-04-16 05:45:50'),
(126,1,'1:24.80','2025-04-16 05:45:50'),
(126,1,'1:22.05','2025-04-16 05:45:50'),
(126,1,'1:22.58','2025-04-16 05:45:50'),
(126,1,'1:23.94','2025-04-16 05:45:50'),
(130,3,'1:11.49','2025-04-16 05:45:50'),
(130,3,'1:10.16','2025-04-16 05:45:50'),
(130,3,'1:12.59','2025-04-16 05:45:50'),
(130,3,'1:11.63','2025-04-16 05:45:50'),
(130,3,'1:09.43','2025-04-16 05:45:50'),
(120,10,'1:36.72','2025-04-16 05:45:50'),
(120,10,'1:34.78','2025-04-16 05:45:50'),
(120,10,'1:34.05','2025-04-16 05:45:50'),
(120,10,'1:32.78','2025-04-16 05:45:50'),
(120,10,'1:33.51','2025-04-16 05:45:50'),
(120,10,'1:33.29','2025-04-16 05:45:50'),
(120,10,'1:36.47','2025-04-16 05:45:50'),
(120,10,'1:31.82','2025-04-16 05:45:50'),
(126,2,'1:33.36','2025-04-16 05:45:50'),
(126,2,'1:31.52','2025-04-16 05:45:50'),
(126,2,'1:28.10','2025-04-16 05:45:50'),
(126,2,'1:33.37','2025-04-16 05:45:50'),
(126,2,'1:32.89','2025-04-16 05:45:50'),
(126,2,'1:33.38','2025-04-16 05:45:50'),
(126,2,'1:32.03','2025-04-16 05:45:50'),
(126,2,'1:32.71','2025-04-16 05:45:50'),
(113,1,'1:21.43','2025-04-16 05:57:33'),
(113,1,'1:21.40','2025-04-16 05:57:33'),
(113,1,'1:21.62','2025-04-16 05:57:33'),
(113,1,'1:25.38','2025-04-16 05:57:33'),
(114,2,'1:22.57','2025-04-16 05:57:33'),
(114,2,'1:29.64','2025-04-16 05:57:33'),
(114,2,'1:20.39','2025-04-16 05:57:33'),
(114,2,'1:23.83','2025-04-16 05:57:33'),
(115,1,'1:15.57','2025-04-16 05:57:33'),
(115,1,'1:14.40','2025-04-16 05:57:33'),
(115,1,'1:19.82','2025-04-16 05:57:33'),
(115,1,'1:12.90','2025-04-16 05:57:33'),
(116,1,'1:02.52','2025-04-16 05:57:33'),
(116,1,'1:02.56','2025-04-16 05:57:33'),
(116,1,'1:06.41','2025-04-16 05:57:33'),
(116,1,'1:07.08','2025-04-16 05:57:33'),
(116,1,'1:02.56','2025-04-16 05:57:33'),
(116,1,'1:03.23','2025-04-16 05:57:33'),
(116,1,'1:04.54','2025-04-16 05:57:33'),
(113,2,'1:35.75','2025-04-16 05:57:33'),
(113,2,'1:32.78','2025-04-16 05:57:33'),
(113,2,'1:34.01','2025-04-16 05:57:33'),
(113,2,'1:32.57','2025-04-16 05:57:33'),
(116,2,'1:19.23','2025-04-16 05:57:33'),
(116,2,'1:13.70','2025-04-16 05:57:33'),
(116,2,'1:13.96','2025-04-16 05:57:33'),
(116,2,'1:15.94','2025-04-16 05:57:33'),
(116,3,'1:14.55','2025-04-16 05:57:33'),
(116,3,'1:14.15','2025-04-16 05:57:33'),
(116,3,'1:08.38','2025-04-16 05:57:33'),
(116,3,'1:08.74','2025-04-16 05:57:33'),
(116,3,'1:10.89','2025-04-16 05:57:33'),
(116,3,'1:09.47','2025-04-16 05:57:33'),
(116,3,'1:09.52','2025-04-16 05:57:33'),
(116,3,'1:09.86','2025-04-16 05:57:33'),
(116,3,'1:09.83','2025-04-16 05:57:33'),
(117,4,'41.50','2025-04-16 05:57:33'),
(117,4,'43.58','2025-04-16 05:57:33'),
(117,4,'42.35','2025-04-16 05:57:33'),
(117,4,'43.35','2025-04-16 05:57:33'),
(117,4,'39.85','2025-04-16 05:57:33'),
(117,4,'40.53','2025-04-16 05:57:33'),
(117,4,'42.14','2025-04-16 05:57:33'),
(117,4,'39.18','2025-04-16 05:57:33'),
(117,4,'40.89','2025-04-16 05:57:33'),
(117,4,'40.89','2025-04-16 05:57:33'),
(118,5,'2:22.64','2025-04-16 05:57:33'),
(118,5,'2:28.16','2025-04-16 05:57:33'),
(118,5,'2:28.38','2025-04-16 05:57:33'),
(118,5,'2:25.08','2025-04-16 05:57:33'),
(118,5,'2:25.64','2025-04-16 05:57:33'),
(118,5,'2:33.58','2025-04-16 05:57:33'),
(119,2,'1:19.63','2025-04-16 05:57:33'),
(119,2,'1:16.69','2025-04-16 05:57:33'),
(119,2,'1:19.68','2025-04-16 05:57:33'),
(119,2,'1:16.56','2025-04-16 05:57:33'),
(120,1,'1:19.04','2025-04-16 05:57:33'),
(120,1,'1:15.88','2025-04-16 05:57:33'),
(120,1,'1:18.62','2025-04-16 05:57:33'),
(120,1,'1:21.74','2025-04-16 05:57:33'),
(118,6,'2:56.68','2025-04-16 05:57:33'),
(118,6,'2:42.63','2025-04-16 05:57:33'),
(118,6,'2:40.90','2025-04-16 05:57:33'),
(118,6,'2:42.88','2025-04-16 05:57:33'),
(118,6,'2:46.09','2025-04-16 05:57:33'),
(117,7,'39.07','2025-04-16 05:57:33'),
(117,7,'37.66','2025-04-16 05:57:33'),
(117,7,'36.13','2025-04-16 05:57:33'),
(117,7,'39.42','2025-04-16 05:57:33'),
(121,7,'45.75','2025-04-16 05:57:33'),
(121,7,'41.62','2025-04-16 05:57:33'),
(121,7,'40.49','2025-04-16 05:57:33'),
(121,7,'41.00','2025-04-16 05:57:33'),
(122,1,'1:06.01','2025-04-16 05:57:33'),
(122,1,'1:06.93','2025-04-16 05:57:33'),
(122,1,'1:05.34','2025-04-16 05:57:33'),
(122,1,'1:06.10','2025-04-16 05:57:33'),
(119,1,'1:08.87','2025-04-16 05:57:33'),
(119,1,'1:07.34','2025-04-16 05:57:33'),
(119,1,'1:11.00','2025-04-16 05:57:33'),
(119,1,'1:08.62','2025-04-16 05:57:33'),
(119,1,'1:10.94','2025-04-16 05:57:33'),
(119,1,'1:09.52','2025-04-16 05:57:33'),
(119,1,'1:12.04','2025-04-16 05:57:33'),
(119,1,'1:10.91','2025-04-16 05:57:33'),
(117,2,'1:31.59','2025-04-16 05:57:33'),
(117,2,'1:26.55','2025-04-16 05:57:33'),
(117,2,'1:28.75','2025-04-16 05:57:33'),
(117,2,'1:39.79','2025-04-16 05:57:33'),
(117,2,'1:32.37','2025-04-16 05:57:33'),
(117,8,'48.08','2025-04-16 05:57:33'),
(117,8,'53.17','2025-04-16 05:57:33'),
(117,8,'45.76','2025-04-16 05:57:33'),
(117,8,'49.28','2025-04-16 05:57:33'),
(117,8,'52.85','2025-04-16 05:57:33'),
(117,8,'46.19','2025-04-16 05:57:33'),
(117,8,'47.76','2025-04-16 05:57:33'),
(117,8,'48.83','2025-04-16 05:57:33'),
(117,8,'45.71','2025-04-16 05:57:33'),
(117,8,'47.76','2025-04-16 05:57:33'),
(116,9,'2:48.05','2025-04-16 05:57:33'),
(116,9,'2:44.03','2025-04-16 05:57:33'),
(116,9,'2:38.93','2025-04-16 05:57:33'),
(116,9,'2:54.86','2025-04-16 05:57:33'),
(123,2,'1:36.54','2025-04-16 05:57:33'),
(123,2,'1:39.10','2025-04-16 05:57:33'),
(123,2,'1:39.45','2025-04-16 05:57:33'),
(123,2,'1:42.87','2025-04-16 05:57:33'),
(118,2,'1:17.16','2025-04-16 05:57:33'),
(118,2,'1:16.65','2025-04-16 05:57:33'),
(118,2,'1:23.11','2025-04-16 05:57:33'),
(118,2,'1:14.37','2025-04-16 05:57:33'),
(118,2,'1:18.16','2025-04-16 05:57:33'),
(118,2,'1:18.28','2025-04-16 05:57:33'),
(118,2,'1:16.87','2025-04-16 05:57:33'),
(118,2,'1:17.37','2025-04-16 05:57:33'),
(118,2,'1:20.46','2025-04-16 05:57:33'),
(124,2,'1:21.76','2025-04-16 05:57:33'),
(124,2,'1:23.32','2025-04-16 05:57:33'),
(124,2,'1:24.09','2025-04-16 05:57:33'),
(124,2,'1:21.51','2025-04-16 05:57:33'),
(123,1,'1:27.31','2025-04-16 05:57:33'),
(123,1,'1:27.00','2025-04-16 05:57:33'),
(123,1,'1:27.46','2025-04-16 05:57:33'),
(123,1,'1:22.50','2025-04-16 05:57:33'),
(123,1,'1:20.39','2025-04-16 05:57:33'),
(123,1,'1:26.04','2025-04-16 05:57:33'),
(123,1,'1:20.22','2025-04-16 05:57:33'),
(114,10,'1:30.24','2025-04-16 05:57:33'),
(114,10,'1:33.18','2025-04-16 05:57:33'),
(114,10,'1:32.73','2025-04-16 05:57:33'),
(114,10,'1:33.05','2025-04-16 05:57:33'),
(114,10,'1:30.81','2025-04-16 05:57:33'),
(114,10,'1:31.74','2025-04-16 05:57:33'),
(114,10,'1:31.53','2025-04-16 05:57:33'),
(114,10,'1:33.05','2025-04-16 05:57:33'),
(118,1,'1:07.99','2025-04-16 05:57:33'),
(118,1,'1:11.87','2025-04-16 05:57:33'),
(118,1,'1:11.08','2025-04-16 05:57:33'),
(118,1,'1:09.75','2025-04-16 05:57:33'),
(125,7,'30.05','2025-04-16 05:57:33'),
(125,7,'30.21','2025-04-16 05:57:33'),
(125,7,'28.86','2025-04-16 05:57:33'),
(125,7,'30.65','2025-04-16 05:57:33'),
(125,7,'30.03','2025-04-16 05:57:33'),
(125,7,'29.64','2025-04-16 05:57:33'),
(125,7,'29.82','2025-04-16 05:57:33'),
(126,10,'1:50.10','2025-04-16 05:57:33'),
(126,10,'1:47.12','2025-04-16 05:57:33'),
(126,10,'1:54.65','2025-04-16 05:57:33'),
(126,10,'1:51.03','2025-04-16 05:57:33'),
(127,10,'1:34.71','2025-04-16 05:57:33'),
(127,10,'1:37.87','2025-04-16 05:57:33'),
(127,10,'1:35.15','2025-04-16 05:57:33'),
(127,10,'1:37.20','2025-04-16 05:57:33'),
(127,10,'1:36.29','2025-04-16 05:57:33'),
(127,10,'1:36.00','2025-04-16 05:57:33'),
(127,10,'1:35.63','2025-04-16 05:57:33'),
(127,10,'1:35.42','2025-04-16 05:57:33'),
(127,10,'1:42.01','2025-04-16 05:57:33'),
(118,11,'5:11.32','2025-04-16 05:57:33'),
(118,11,'5:04.12','2025-04-16 05:57:33'),
(118,11,'5:20.67','2025-04-16 05:57:33'),
(118,11,'5:08.31','2025-04-16 05:57:33'),
(118,11,'5:04.32','2025-04-16 05:57:33'),
(118,11,'5:06.77','2025-04-16 05:57:33'),
(118,11,'5:13.01','2025-04-16 05:57:33'),
(128,1,'1:32.21','2025-04-16 05:57:33'),
(128,1,'1:33.68','2025-04-16 05:57:33'),
(128,1,'1:34.10','2025-04-16 05:57:33'),
(128,1,'1:28.57','2025-04-16 05:57:33'),
(129,12,'39.47','2025-04-16 05:57:33'),
(129,12,'37.30','2025-04-16 05:57:33'),
(129,12,'41.90','2025-04-16 05:57:33'),
(129,12,'42.85','2025-04-16 05:57:33'),
(129,12,'39.90','2025-04-16 05:57:33'),
(129,12,'38.66','2025-04-16 05:57:33'),
(129,12,'38.84','2025-04-16 05:57:33'),
(129,12,'37.65','2025-04-16 05:57:33'),
(129,12,'39.68','2025-04-16 05:57:33'),
(129,12,'37.18','2025-04-16 05:57:33'),
(129,12,'43.61','2025-04-16 05:57:33'),
(114,3,'1:27.95','2025-04-16 05:57:33'),
(114,3,'1:21.07','2025-04-16 05:57:33'),
(114,3,'1:30.96','2025-04-16 05:57:33'),
(114,3,'1:23.22','2025-04-16 05:57:33'),
(114,3,'1:27.95','2025-04-16 05:57:33'),
(114,3,'1:28.30','2025-04-16 05:57:33'),
(116,5,'2:19.77','2025-04-16 05:57:33'),
(116,5,'2:41.57','2025-04-16 05:57:33'),
(116,5,'2:27.88','2025-04-16 05:57:33'),
(116,5,'2:37.28','2025-04-16 05:57:33'),
(128,10,'2:01.15','2025-04-16 05:57:33'),
(128,10,'1:57.86','2025-04-16 05:57:33'),
(128,10,'1:59.38','2025-04-16 05:57:33'),
(128,10,'1:57.94','2025-04-16 05:57:33'),
(128,10,'1:56.97','2025-04-16 05:57:33'),
(119,10,'1:20.59','2025-04-16 05:57:33'),
(119,10,'1:26.48','2025-04-16 05:57:33'),
(119,10,'1:24.15','2025-04-16 05:57:33'),
(119,10,'1:21.96','2025-04-16 05:57:33'),
(130,1,'1:02.13','2025-04-16 05:57:33'),
(130,1,'1:03.25','2025-04-16 05:57:33'),
(130,1,'1:04.16','2025-04-16 05:57:33'),
(130,1,'1:03.17','2025-04-16 05:57:33'),
(130,1,'1:04.84','2025-04-16 05:57:33'),
(130,1,'1:03.88','2025-04-16 05:57:33'),
(130,1,'1:04.87','2025-04-16 05:57:33'),
(117,10,'1:42.97','2025-04-16 05:57:33'),
(117,10,'1:43.31','2025-04-16 05:57:33'),
(117,10,'1:43.50','2025-04-16 05:57:33'),
(117,10,'1:40.34','2025-04-16 05:57:33'),
(124,10,'1:28.86','2025-04-16 05:57:33'),
(124,10,'1:29.90','2025-04-16 05:57:33'),
(124,10,'1:28.12','2025-04-16 05:57:33'),
(124,10,'1:28.67','2025-04-16 05:57:33'),
(130,2,'1:12.71','2025-04-16 05:57:33'),
(130,2,'1:19.87','2025-04-16 05:57:33'),
(130,2,'1:14.94','2025-04-16 05:57:33'),
(130,2,'1:11.53','2025-04-16 05:57:33'),
(130,2,'1:14.94','2025-04-16 05:57:33'),
(131,6,'2:29.06','2025-04-16 05:57:33'),
(131,6,'2:21.49','2025-04-16 05:57:33'),
(131,6,'2:24.13','2025-04-16 05:57:33'),
(131,6,'2:29.40','2025-04-16 05:57:33'),
(114,9,'3:03.84','2025-04-16 05:57:33'),
(114,9,'3:04.27','2025-04-16 05:57:33'),
(114,9,'3:01.49','2025-04-16 05:57:33'),
(114,9,'3:04.27','2025-04-16 05:57:33'),
(114,9,'2:52.44','2025-04-16 05:57:33'),
(132,1,'59.21','2025-04-16 05:57:33'),
(132,1,'59.27','2025-04-16 05:57:33'),
(132,1,'58.67','2025-04-16 05:57:33'),
(132,1,'59.72','2025-04-16 05:57:33'),
(132,1,'59.17','2025-04-16 05:57:33'),
(127,1,'1:13.86','2025-04-16 05:57:33'),
(127,1,'1:12.00','2025-04-16 05:57:33'),
(127,1,'1:14.69','2025-04-16 05:57:33'),
(127,1,'1:10.01','2025-04-16 05:57:33'),
(127,1,'1:12.24','2025-04-16 05:57:33'),
(127,1,'1:11.00','2025-04-16 05:57:33'),
(127,1,'1:11.20','2025-04-16 05:57:33'),
(127,1,'1:12.28','2025-04-16 05:57:33'),
(127,1,'1:15.46','2025-04-16 05:57:33'),
(127,1,'1:16.03','2025-04-16 05:57:33'),
(133,1,'1:21.08','2025-04-16 05:57:33'),
(133,1,'1:11.23','2025-04-16 05:57:33'),
(133,1,'1:12.46','2025-04-16 05:57:33'),
(133,1,'1:16.73','2025-04-16 05:57:33'),
(126,12,'40.11','2025-04-16 05:57:33'),
(126,12,'45.43','2025-04-16 05:57:33'),
(126,12,'50.17','2025-04-16 05:57:33'),
(126,12,'43.58','2025-04-16 05:57:33'),
(126,12,'52.61','2025-04-16 05:57:33'),
(126,8,'47.44','2025-04-16 05:57:33'),
(126,8,'52.32','2025-04-16 05:57:33'),
(126,8,'57.16','2025-04-16 05:57:33'),
(126,8,'56.77','2025-04-16 05:57:33'),
(126,4,'43.25','2025-04-16 05:57:33'),
(126,4,'47.35','2025-04-16 05:57:33'),
(126,4,'46.12','2025-04-16 05:57:33'),
(126,4,'45.69','2025-04-16 05:57:33'),
(133,2,'1:27.10','2025-04-16 05:57:33'),
(133,2,'1:26.21','2025-04-16 05:57:33'),
(133,2,'1:26.42','2025-04-16 05:57:33'),
(133,2,'1:35.79','2025-04-16 05:57:33'),
(133,2,'1:30.47','2025-04-16 05:57:33'),
(119,13,'2:54.14','2025-04-16 05:57:33'),
(119,13,'3:03.58','2025-04-16 05:57:33'),
(119,13,'3:02.43','2025-04-16 05:57:33'),
(119,13,'2:57.99','2025-04-16 05:57:33'),
(126,7,'38.94','2025-04-16 05:57:33'),
(126,7,'37.76','2025-04-16 05:57:33'),
(126,7,'41.83','2025-04-16 05:57:33'),
(126,7,'42.81','2025-04-16 05:57:33'),
(132,6,'2:35.46','2025-04-16 05:57:33'),
(132,6,'2:28.30','2025-04-16 05:57:33'),
(132,6,'2:35.35','2025-04-16 05:57:33'),
(132,6,'2:28.84','2025-04-16 05:57:33'),
(120,13,'3:27.51','2025-04-16 05:57:33'),
(120,13,'3:34.70','2025-04-16 05:57:33'),
(120,13,'3:27.15','2025-04-16 05:57:33'),
(120,13,'3:28.45','2025-04-16 05:57:33'),
(120,13,'3:34.79','2025-04-16 05:57:33'),
(120,13,'3:30.21','2025-04-16 05:57:33'),
(120,13,'3:33.74','2025-04-16 05:57:33'),
(129,4,'38.79','2025-04-16 05:57:33'),
(129,4,'39.03','2025-04-16 05:57:33'),
(129,4,'41.29','2025-04-16 05:57:33'),
(129,4,'39.66','2025-04-16 05:57:33'),
(129,4,'41.13','2025-04-16 05:57:33'),
(129,4,'38.57','2025-04-16 05:57:33'),
(129,4,'39.40','2025-04-16 05:57:33'),
(129,4,'41.06','2025-04-16 05:57:33'),
(129,4,'40.37','2025-04-16 05:57:33'),
(129,4,'43.05','2025-04-16 05:57:33'),
(129,4,'37.85','2025-04-16 05:57:33'),
(129,7,'35.78','2025-04-16 05:57:33'),
(129,7,'36.19','2025-04-16 05:57:33'),
(129,7,'36.89','2025-04-16 05:57:33'),
(129,7,'34.29','2025-04-16 05:57:33'),
(129,7,'34.18','2025-04-16 05:57:33'),
(129,7,'35.94','2025-04-16 05:57:33'),
(134,2,'1:29.78','2025-04-16 05:57:33'),
(134,2,'1:28.38','2025-04-16 05:57:33'),
(134,2,'1:25.03','2025-04-16 05:57:33'),
(134,2,'1:25.66','2025-04-16 05:57:33'),
(131,2,'1:11.34','2025-04-16 05:57:33'),
(131,2,'1:05.81','2025-04-16 05:57:33'),
(131,2,'1:05.75','2025-04-16 05:57:33'),
(131,2,'1:05.82','2025-04-16 05:57:33'),
(126,1,'1:20.81','2025-04-16 05:57:33'),
(126,1,'1:23.61','2025-04-16 05:57:33'),
(126,1,'1:24.80','2025-04-16 05:57:33'),
(126,1,'1:22.05','2025-04-16 05:57:33'),
(126,1,'1:22.58','2025-04-16 05:57:33'),
(126,1,'1:23.94','2025-04-16 05:57:33'),
(130,3,'1:11.49','2025-04-16 05:57:33'),
(130,3,'1:10.16','2025-04-16 05:57:33'),
(130,3,'1:12.59','2025-04-16 05:57:33'),
(130,3,'1:11.63','2025-04-16 05:57:33'),
(130,3,'1:09.43','2025-04-16 05:57:33'),
(120,10,'1:36.72','2025-04-16 05:57:33'),
(120,10,'1:34.78','2025-04-16 05:57:33'),
(120,10,'1:34.05','2025-04-16 05:57:33'),
(120,10,'1:32.78','2025-04-16 05:57:33'),
(120,10,'1:33.51','2025-04-16 05:57:33'),
(120,10,'1:33.29','2025-04-16 05:57:33'),
(120,10,'1:36.47','2025-04-16 05:57:33'),
(120,10,'1:31.82','2025-04-16 05:57:33'),
(126,2,'1:33.36','2025-04-16 05:57:33'),
(126,2,'1:31.52','2025-04-16 05:57:33'),
(126,2,'1:28.10','2025-04-16 05:57:33'),
(126,2,'1:33.37','2025-04-16 05:57:33'),
(126,2,'1:32.89','2025-04-16 05:57:33'),
(126,2,'1:33.38','2025-04-16 05:57:33'),
(126,2,'1:32.03','2025-04-16 05:57:33'),
(126,2,'1:32.71','2025-04-16 05:57:33'),
(113,1,'1:21.43','2025-04-16 06:08:03'),
(113,1,'1:21.40','2025-04-16 06:08:03'),
(113,1,'1:21.62','2025-04-16 06:08:03'),
(113,1,'1:25.38','2025-04-16 06:08:03'),
(114,2,'1:22.57','2025-04-16 06:08:03'),
(114,2,'1:29.64','2025-04-16 06:08:03'),
(114,2,'1:20.39','2025-04-16 06:08:03'),
(114,2,'1:23.83','2025-04-16 06:08:03'),
(115,1,'1:15.57','2025-04-16 06:08:03'),
(115,1,'1:14.40','2025-04-16 06:08:03'),
(115,1,'1:19.82','2025-04-16 06:08:03'),
(115,1,'1:12.90','2025-04-16 06:08:03'),
(116,1,'1:02.52','2025-04-16 06:08:03'),
(116,1,'1:02.56','2025-04-16 06:08:03'),
(116,1,'1:06.41','2025-04-16 06:08:03'),
(116,1,'1:07.08','2025-04-16 06:08:03'),
(116,1,'1:02.56','2025-04-16 06:08:03'),
(116,1,'1:03.23','2025-04-16 06:08:03'),
(116,1,'1:04.54','2025-04-16 06:08:03'),
(113,2,'1:35.75','2025-04-16 06:08:03'),
(113,2,'1:32.78','2025-04-16 06:08:03'),
(113,2,'1:34.01','2025-04-16 06:08:03'),
(113,2,'1:32.57','2025-04-16 06:08:03'),
(116,2,'1:19.23','2025-04-16 06:08:03'),
(116,2,'1:13.70','2025-04-16 06:08:03'),
(116,2,'1:13.96','2025-04-16 06:08:03'),
(116,2,'1:15.94','2025-04-16 06:08:03'),
(116,3,'1:14.55','2025-04-16 06:08:03'),
(116,3,'1:14.15','2025-04-16 06:08:03'),
(116,3,'1:08.38','2025-04-16 06:08:03'),
(116,3,'1:08.74','2025-04-16 06:08:03'),
(116,3,'1:10.89','2025-04-16 06:08:03'),
(116,3,'1:09.47','2025-04-16 06:08:03'),
(116,3,'1:09.52','2025-04-16 06:08:03'),
(116,3,'1:09.86','2025-04-16 06:08:03'),
(116,3,'1:09.83','2025-04-16 06:08:03'),
(117,4,'41.50','2025-04-16 06:08:03'),
(117,4,'43.58','2025-04-16 06:08:03'),
(117,4,'42.35','2025-04-16 06:08:03'),
(117,4,'43.35','2025-04-16 06:08:03'),
(117,4,'39.85','2025-04-16 06:08:03'),
(117,4,'40.53','2025-04-16 06:08:03'),
(117,4,'42.14','2025-04-16 06:08:03'),
(117,4,'39.18','2025-04-16 06:08:03'),
(117,4,'40.89','2025-04-16 06:08:03'),
(117,4,'40.89','2025-04-16 06:08:03'),
(118,5,'2:22.64','2025-04-16 06:08:03'),
(118,5,'2:28.16','2025-04-16 06:08:03'),
(118,5,'2:28.38','2025-04-16 06:08:03'),
(118,5,'2:25.08','2025-04-16 06:08:03'),
(118,5,'2:25.64','2025-04-16 06:08:03'),
(118,5,'2:33.58','2025-04-16 06:08:03'),
(119,2,'1:19.63','2025-04-16 06:08:03'),
(119,2,'1:16.69','2025-04-16 06:08:03'),
(119,2,'1:19.68','2025-04-16 06:08:03'),
(119,2,'1:16.56','2025-04-16 06:08:03'),
(120,1,'1:19.04','2025-04-16 06:08:03'),
(120,1,'1:15.88','2025-04-16 06:08:03'),
(120,1,'1:18.62','2025-04-16 06:08:03'),
(120,1,'1:21.74','2025-04-16 06:08:03'),
(118,6,'2:56.68','2025-04-16 06:08:03'),
(118,6,'2:42.63','2025-04-16 06:08:03'),
(118,6,'2:40.90','2025-04-16 06:08:03'),
(118,6,'2:42.88','2025-04-16 06:08:03'),
(118,6,'2:46.09','2025-04-16 06:08:03'),
(117,7,'39.07','2025-04-16 06:08:03'),
(117,7,'37.66','2025-04-16 06:08:03'),
(117,7,'36.13','2025-04-16 06:08:03'),
(117,7,'39.42','2025-04-16 06:08:03'),
(121,7,'45.75','2025-04-16 06:08:03'),
(121,7,'41.62','2025-04-16 06:08:03'),
(121,7,'40.49','2025-04-16 06:08:03'),
(121,7,'41.00','2025-04-16 06:08:03'),
(122,1,'1:06.01','2025-04-16 06:08:03'),
(122,1,'1:06.93','2025-04-16 06:08:03'),
(122,1,'1:05.34','2025-04-16 06:08:03'),
(122,1,'1:06.10','2025-04-16 06:08:03'),
(119,1,'1:08.87','2025-04-16 06:08:03'),
(119,1,'1:07.34','2025-04-16 06:08:03'),
(119,1,'1:11.00','2025-04-16 06:08:03'),
(119,1,'1:08.62','2025-04-16 06:08:03'),
(119,1,'1:10.94','2025-04-16 06:08:03'),
(119,1,'1:09.52','2025-04-16 06:08:03'),
(119,1,'1:12.04','2025-04-16 06:08:03'),
(119,1,'1:10.91','2025-04-16 06:08:03'),
(117,2,'1:31.59','2025-04-16 06:08:03'),
(117,2,'1:26.55','2025-04-16 06:08:03'),
(117,2,'1:28.75','2025-04-16 06:08:03'),
(117,2,'1:39.79','2025-04-16 06:08:03'),
(117,2,'1:32.37','2025-04-16 06:08:03'),
(117,8,'48.08','2025-04-16 06:08:03'),
(117,8,'53.17','2025-04-16 06:08:03'),
(117,8,'45.76','2025-04-16 06:08:03'),
(117,8,'49.28','2025-04-16 06:08:03'),
(117,8,'52.85','2025-04-16 06:08:03'),
(117,8,'46.19','2025-04-16 06:08:03'),
(117,8,'47.76','2025-04-16 06:08:03'),
(117,8,'48.83','2025-04-16 06:08:03'),
(117,8,'45.71','2025-04-16 06:08:03'),
(117,8,'47.76','2025-04-16 06:08:03'),
(116,9,'2:48.05','2025-04-16 06:08:03'),
(116,9,'2:44.03','2025-04-16 06:08:03'),
(116,9,'2:38.93','2025-04-16 06:08:03'),
(116,9,'2:54.86','2025-04-16 06:08:03'),
(123,2,'1:36.54','2025-04-16 06:08:03'),
(123,2,'1:39.10','2025-04-16 06:08:03'),
(123,2,'1:39.45','2025-04-16 06:08:03'),
(123,2,'1:42.87','2025-04-16 06:08:03'),
(118,2,'1:17.16','2025-04-16 06:08:03'),
(118,2,'1:16.65','2025-04-16 06:08:03'),
(118,2,'1:23.11','2025-04-16 06:08:03'),
(118,2,'1:14.37','2025-04-16 06:08:03'),
(118,2,'1:18.16','2025-04-16 06:08:03'),
(118,2,'1:18.28','2025-04-16 06:08:03'),
(118,2,'1:16.87','2025-04-16 06:08:03'),
(118,2,'1:17.37','2025-04-16 06:08:03'),
(118,2,'1:20.46','2025-04-16 06:08:03'),
(124,2,'1:21.76','2025-04-16 06:08:03'),
(124,2,'1:23.32','2025-04-16 06:08:03'),
(124,2,'1:24.09','2025-04-16 06:08:03'),
(124,2,'1:21.51','2025-04-16 06:08:03'),
(123,1,'1:27.31','2025-04-16 06:08:03'),
(123,1,'1:27.00','2025-04-16 06:08:03'),
(123,1,'1:27.46','2025-04-16 06:08:03'),
(123,1,'1:22.50','2025-04-16 06:08:03'),
(123,1,'1:20.39','2025-04-16 06:08:03'),
(123,1,'1:26.04','2025-04-16 06:08:03'),
(123,1,'1:20.22','2025-04-16 06:08:03'),
(114,10,'1:30.24','2025-04-16 06:08:03'),
(114,10,'1:33.18','2025-04-16 06:08:03'),
(114,10,'1:32.73','2025-04-16 06:08:03'),
(114,10,'1:33.05','2025-04-16 06:08:03'),
(114,10,'1:30.81','2025-04-16 06:08:03'),
(114,10,'1:31.74','2025-04-16 06:08:03'),
(114,10,'1:31.53','2025-04-16 06:08:03'),
(114,10,'1:33.05','2025-04-16 06:08:03'),
(118,1,'1:07.99','2025-04-16 06:08:03'),
(118,1,'1:11.87','2025-04-16 06:08:03'),
(118,1,'1:11.08','2025-04-16 06:08:03'),
(118,1,'1:09.75','2025-04-16 06:08:03'),
(125,7,'30.05','2025-04-16 06:08:03'),
(125,7,'30.21','2025-04-16 06:08:03'),
(125,7,'28.86','2025-04-16 06:08:03'),
(125,7,'30.65','2025-04-16 06:08:03'),
(125,7,'30.03','2025-04-16 06:08:03'),
(125,7,'29.64','2025-04-16 06:08:03'),
(125,7,'29.82','2025-04-16 06:08:03'),
(126,10,'1:50.10','2025-04-16 06:08:03'),
(126,10,'1:47.12','2025-04-16 06:08:03'),
(126,10,'1:54.65','2025-04-16 06:08:03'),
(126,10,'1:51.03','2025-04-16 06:08:03'),
(127,10,'1:34.71','2025-04-16 06:08:03'),
(127,10,'1:37.87','2025-04-16 06:08:03'),
(127,10,'1:35.15','2025-04-16 06:08:03'),
(127,10,'1:37.20','2025-04-16 06:08:03'),
(127,10,'1:36.29','2025-04-16 06:08:03'),
(127,10,'1:36.00','2025-04-16 06:08:03'),
(127,10,'1:35.63','2025-04-16 06:08:03'),
(127,10,'1:35.42','2025-04-16 06:08:03'),
(127,10,'1:42.01','2025-04-16 06:08:03'),
(118,11,'5:11.32','2025-04-16 06:08:03'),
(118,11,'5:04.12','2025-04-16 06:08:03'),
(118,11,'5:20.67','2025-04-16 06:08:03'),
(118,11,'5:08.31','2025-04-16 06:08:03'),
(118,11,'5:04.32','2025-04-16 06:08:03'),
(118,11,'5:06.77','2025-04-16 06:08:03'),
(118,11,'5:13.01','2025-04-16 06:08:03'),
(128,1,'1:32.21','2025-04-16 06:08:04'),
(128,1,'1:33.68','2025-04-16 06:08:04'),
(128,1,'1:34.10','2025-04-16 06:08:04'),
(128,1,'1:28.57','2025-04-16 06:08:04'),
(129,12,'39.47','2025-04-16 06:08:04'),
(129,12,'37.30','2025-04-16 06:08:04'),
(129,12,'41.90','2025-04-16 06:08:04'),
(129,12,'42.85','2025-04-16 06:08:04'),
(129,12,'39.90','2025-04-16 06:08:04'),
(129,12,'38.66','2025-04-16 06:08:04'),
(129,12,'38.84','2025-04-16 06:08:04'),
(129,12,'37.65','2025-04-16 06:08:04'),
(129,12,'39.68','2025-04-16 06:08:04'),
(129,12,'37.18','2025-04-16 06:08:04'),
(129,12,'43.61','2025-04-16 06:08:04'),
(114,3,'1:27.95','2025-04-16 06:08:04'),
(114,3,'1:21.07','2025-04-16 06:08:04'),
(114,3,'1:30.96','2025-04-16 06:08:04'),
(114,3,'1:23.22','2025-04-16 06:08:04'),
(114,3,'1:27.95','2025-04-16 06:08:04'),
(114,3,'1:28.30','2025-04-16 06:08:04'),
(116,5,'2:19.77','2025-04-16 06:08:04'),
(116,5,'2:41.57','2025-04-16 06:08:04'),
(116,5,'2:27.88','2025-04-16 06:08:04'),
(116,5,'2:37.28','2025-04-16 06:08:04'),
(128,10,'2:01.15','2025-04-16 06:08:04'),
(128,10,'1:57.86','2025-04-16 06:08:04'),
(128,10,'1:59.38','2025-04-16 06:08:04'),
(128,10,'1:57.94','2025-04-16 06:08:04'),
(128,10,'1:56.97','2025-04-16 06:08:04'),
(119,10,'1:20.59','2025-04-16 06:08:04'),
(119,10,'1:26.48','2025-04-16 06:08:04'),
(119,10,'1:24.15','2025-04-16 06:08:04'),
(119,10,'1:21.96','2025-04-16 06:08:04'),
(130,1,'1:02.13','2025-04-16 06:08:04'),
(130,1,'1:03.25','2025-04-16 06:08:04'),
(130,1,'1:04.16','2025-04-16 06:08:04'),
(130,1,'1:03.17','2025-04-16 06:08:04'),
(130,1,'1:04.84','2025-04-16 06:08:04'),
(130,1,'1:03.88','2025-04-16 06:08:04'),
(130,1,'1:04.87','2025-04-16 06:08:04'),
(117,10,'1:42.97','2025-04-16 06:08:04'),
(117,10,'1:43.31','2025-04-16 06:08:04'),
(117,10,'1:43.50','2025-04-16 06:08:04'),
(117,10,'1:40.34','2025-04-16 06:08:04'),
(124,10,'1:28.86','2025-04-16 06:08:04'),
(124,10,'1:29.90','2025-04-16 06:08:04'),
(124,10,'1:28.12','2025-04-16 06:08:04'),
(124,10,'1:28.67','2025-04-16 06:08:04'),
(130,2,'1:12.71','2025-04-16 06:08:04'),
(130,2,'1:19.87','2025-04-16 06:08:04'),
(130,2,'1:14.94','2025-04-16 06:08:04'),
(130,2,'1:11.53','2025-04-16 06:08:04'),
(130,2,'1:14.94','2025-04-16 06:08:04'),
(131,6,'2:29.06','2025-04-16 06:08:04'),
(131,6,'2:21.49','2025-04-16 06:08:04'),
(131,6,'2:24.13','2025-04-16 06:08:04'),
(131,6,'2:29.40','2025-04-16 06:08:04'),
(114,9,'3:03.84','2025-04-16 06:08:04'),
(114,9,'3:04.27','2025-04-16 06:08:04'),
(114,9,'3:01.49','2025-04-16 06:08:04'),
(114,9,'3:04.27','2025-04-16 06:08:04'),
(114,9,'2:52.44','2025-04-16 06:08:04'),
(132,1,'59.21','2025-04-16 06:08:04'),
(132,1,'59.27','2025-04-16 06:08:04'),
(132,1,'58.67','2025-04-16 06:08:04'),
(132,1,'59.72','2025-04-16 06:08:04'),
(132,1,'59.17','2025-04-16 06:08:04'),
(127,1,'1:13.86','2025-04-16 06:08:04'),
(127,1,'1:12.00','2025-04-16 06:08:04'),
(127,1,'1:14.69','2025-04-16 06:08:04'),
(127,1,'1:10.01','2025-04-16 06:08:04'),
(127,1,'1:12.24','2025-04-16 06:08:04'),
(127,1,'1:11.00','2025-04-16 06:08:04'),
(127,1,'1:11.20','2025-04-16 06:08:04'),
(127,1,'1:12.28','2025-04-16 06:08:04'),
(127,1,'1:15.46','2025-04-16 06:08:04'),
(127,1,'1:16.03','2025-04-16 06:08:04'),
(133,1,'1:21.08','2025-04-16 06:08:04'),
(133,1,'1:11.23','2025-04-16 06:08:04'),
(133,1,'1:12.46','2025-04-16 06:08:04'),
(133,1,'1:16.73','2025-04-16 06:08:04'),
(126,12,'40.11','2025-04-16 06:08:04'),
(126,12,'45.43','2025-04-16 06:08:04'),
(126,12,'50.17','2025-04-16 06:08:04'),
(126,12,'43.58','2025-04-16 06:08:04'),
(126,12,'52.61','2025-04-16 06:08:04'),
(126,8,'47.44','2025-04-16 06:08:04'),
(126,8,'52.32','2025-04-16 06:08:04'),
(126,8,'57.16','2025-04-16 06:08:04'),
(126,8,'56.77','2025-04-16 06:08:04'),
(126,4,'43.25','2025-04-16 06:08:04'),
(126,4,'47.35','2025-04-16 06:08:04'),
(126,4,'46.12','2025-04-16 06:08:04'),
(126,4,'45.69','2025-04-16 06:08:04'),
(133,2,'1:27.10','2025-04-16 06:08:04'),
(133,2,'1:26.21','2025-04-16 06:08:04'),
(133,2,'1:26.42','2025-04-16 06:08:04'),
(133,2,'1:35.79','2025-04-16 06:08:04'),
(133,2,'1:30.47','2025-04-16 06:08:04'),
(119,13,'2:54.14','2025-04-16 06:08:04'),
(119,13,'3:03.58','2025-04-16 06:08:04'),
(119,13,'3:02.43','2025-04-16 06:08:04'),
(119,13,'2:57.99','2025-04-16 06:08:04'),
(126,7,'38.94','2025-04-16 06:08:04'),
(126,7,'37.76','2025-04-16 06:08:04'),
(126,7,'41.83','2025-04-16 06:08:04'),
(126,7,'42.81','2025-04-16 06:08:04'),
(132,6,'2:35.46','2025-04-16 06:08:04'),
(132,6,'2:28.30','2025-04-16 06:08:04'),
(132,6,'2:35.35','2025-04-16 06:08:04'),
(132,6,'2:28.84','2025-04-16 06:08:04'),
(120,13,'3:27.51','2025-04-16 06:08:04'),
(120,13,'3:34.70','2025-04-16 06:08:04'),
(120,13,'3:27.15','2025-04-16 06:08:04'),
(120,13,'3:28.45','2025-04-16 06:08:04'),
(120,13,'3:34.79','2025-04-16 06:08:04'),
(120,13,'3:30.21','2025-04-16 06:08:04'),
(120,13,'3:33.74','2025-04-16 06:08:04'),
(129,4,'38.79','2025-04-16 06:08:04'),
(129,4,'39.03','2025-04-16 06:08:04'),
(129,4,'41.29','2025-04-16 06:08:04'),
(129,4,'39.66','2025-04-16 06:08:04'),
(129,4,'41.13','2025-04-16 06:08:04'),
(129,4,'38.57','2025-04-16 06:08:04'),
(129,4,'39.40','2025-04-16 06:08:04'),
(129,4,'41.06','2025-04-16 06:08:04'),
(129,4,'40.37','2025-04-16 06:08:04'),
(129,4,'43.05','2025-04-16 06:08:04'),
(129,4,'37.85','2025-04-16 06:08:04'),
(129,7,'35.78','2025-04-16 06:08:04'),
(129,7,'36.19','2025-04-16 06:08:04'),
(129,7,'36.89','2025-04-16 06:08:04'),
(129,7,'34.29','2025-04-16 06:08:04'),
(129,7,'34.18','2025-04-16 06:08:04'),
(129,7,'35.94','2025-04-16 06:08:04'),
(134,2,'1:29.78','2025-04-16 06:08:04'),
(134,2,'1:28.38','2025-04-16 06:08:04'),
(134,2,'1:25.03','2025-04-16 06:08:04'),
(134,2,'1:25.66','2025-04-16 06:08:04'),
(131,2,'1:11.34','2025-04-16 06:08:04'),
(131,2,'1:05.81','2025-04-16 06:08:04'),
(131,2,'1:05.75','2025-04-16 06:08:04'),
(131,2,'1:05.82','2025-04-16 06:08:04'),
(126,1,'1:20.81','2025-04-16 06:08:04'),
(126,1,'1:23.61','2025-04-16 06:08:04'),
(126,1,'1:24.80','2025-04-16 06:08:04'),
(126,1,'1:22.05','2025-04-16 06:08:04'),
(126,1,'1:22.58','2025-04-16 06:08:04'),
(126,1,'1:23.94','2025-04-16 06:08:04'),
(130,3,'1:11.49','2025-04-16 06:08:04'),
(130,3,'1:10.16','2025-04-16 06:08:04'),
(130,3,'1:12.59','2025-04-16 06:08:04'),
(130,3,'1:11.63','2025-04-16 06:08:04'),
(130,3,'1:09.43','2025-04-16 06:08:04'),
(120,10,'1:36.72','2025-04-16 06:08:04'),
(120,10,'1:34.78','2025-04-16 06:08:04'),
(120,10,'1:34.05','2025-04-16 06:08:04'),
(120,10,'1:32.78','2025-04-16 06:08:04'),
(120,10,'1:33.51','2025-04-16 06:08:04'),
(120,10,'1:33.29','2025-04-16 06:08:04'),
(120,10,'1:36.47','2025-04-16 06:08:04'),
(120,10,'1:31.82','2025-04-16 06:08:04'),
(126,2,'1:33.36','2025-04-16 06:08:04'),
(126,2,'1:31.52','2025-04-16 06:08:04'),
(126,2,'1:28.10','2025-04-16 06:08:04'),
(126,2,'1:33.37','2025-04-16 06:08:04'),
(126,2,'1:32.89','2025-04-16 06:08:04'),
(126,2,'1:33.38','2025-04-16 06:08:04'),
(126,2,'1:32.03','2025-04-16 06:08:04'),
(126,2,'1:32.71','2025-04-16 06:08:04');
/*!40000 ALTER TABLE `times` ENABLE KEYS */;
UNLOCK TABLES;
/*!40103 SET TIME_ZONE=@OLD_TIME_ZONE */;

/*!40101 SET SQL_MODE=@OLD_SQL_MODE */;
/*!40014 SET FOREIGN_KEY_CHECKS=@OLD_FOREIGN_KEY_CHECKS */;
/*!40014 SET UNIQUE_CHECKS=@OLD_UNIQUE_CHECKS */;
/*!40101 SET CHARACTER_SET_CLIENT=@OLD_CHARACTER_SET_CLIENT */;
/*!40101 SET CHARACTER_SET_RESULTS=@OLD_CHARACTER_SET_RESULTS */;
/*!40101 SET COLLATION_CONNECTION=@OLD_COLLATION_CONNECTION */;
/*!40111 SET SQL_NOTES=@OLD_SQL_NOTES */;

-- Dump completed on 2025-04-16 22:47:13
